SET NAMES UTF8;
DROP DATABASE IF EXISTS sn;
CREATE DATABASE sn CHARSET=UTF8;
USE sn;
CREATE TABLE sn_user(
	uid INT PRIMARY KEY AUTO_INCREMENT,
	uname VARCHAR(12),
	upwd VARCHAR(16)
);
INSERT INTO sn_user VALUES
(1,'admin','admin'),
(6,'BOSS','66666666')
;

CREATE TABLE sn_floor_nav(
	navId INT PRIMARY KEY AUTO_INCREMENT,
	navName VARCHAR(12),
	fid INT,
	cateId INT
);
INSERT INTO	sn_floor_nav VALUES
(NULL,'绅士男装',1,1001),
(NULL,'女装内衣',1,1002),
(NULL,'运动户外',1,1003),
(NULL,'鞋包配饰',1,1004),
(NULL,'潮机推荐',2,2001),
(NULL,'手机配件',2,2002),
(NULL,'智能手环',2,2003),
(NULL,'VR眼镜',2,2004),
(NULL,'牛奶饮料',3,3001),
(NULL,'休闲食品',3,3002),
(NULL,'粮油酒水',3,3003),
(NULL,'保健生鲜',3,3004),
(NULL,'家用空调',4,4001),
(NULL,'冰箱洗衣机',4,4002),
(NULL,'平板电视',4,4003),
(NULL,'厨卫电器',4,4004),
(NULL,'净水器',4,4005),
(NULL,'生活电器',5,5001),
(NULL,'厨房电器',5,5002),
(NULL,'个护健康',5,5003),
(NULL,'烹饪炊具',5,5004),
(NULL,'云台热卖',5,5005)
;
CREATE TABLE sn_cart(
	cid INT PRIMARY KEY AUTO_INCREMENT,
	userId INT
);
INSERT INTO sn_cart VALUES
(NULL,1);
CREATE TABLE sn_cart_detail(
	did INT PRIMARY KEY AUTO_INCREMENT,
	cartId INT,
	productId INT,
	count INT
);
INSERT INTO sn_cart_detail VALUES
(NULL,1,17,2),
(NULL,1,19,3),
(NULL,1,22,1)
;
CREATE TABLE sn_floor(
	fid INT PRIMARY KEY AUTO_INCREMENT,
	fname VARCHAR(9)
);
INSERT INTO sn_floor VALUES
(101,'猜你喜欢'),
(1,'服装百货'),
(2,'手机通讯'),
(3,'食品酒水'),
(4,'家用电器'),
(5,'生活电器');

CREATE TABLE sn_product_detail(
	pid INT PRIMARY KEY AUTO_INCREMENT,
	title VARCHAR(100),
	price VARCHAR(10),
	pic VARCHAR(64),
	floorId INT,
	cateId INT
);
INSERT INTO sn_product_detail VALUES
(NULL,'妖精的口袋 多情修罗场 冬装蕾丝皮质两件式中款连衣裙 PW1647150预1.18发 皮粉','239.20','images/sn/like/prd_1.jpg',101,101),
(NULL,'妖精的口袋 威尔士火焰 春装2017新款丝绒吊带蕾丝两件套','279.70','images/sn/like/prd_2.jpg',101,101),
(NULL,'【苏宁易购超市】哈尔滨啤酒小麦王听装330ml*6*4','49.00','images/sn/like/prd_3.jpg',101,101),
(NULL,'【苏宁易购超市】达利园 蛋糕蛋香味 600g 饼干糕点 零食 下午茶搭档 早餐充饥佳品','10.90','images/sn/like/prd_4.jpg',101,101),
(NULL,'【苏宁易购超市】农夫山泉 饮用天然水550ml普通装1*24瓶 整箱','31.90','images/sn/like/prd_5.jpg',101,101),
(NULL,'【苏宁易购超市】福临门 葵花籽原香食用调和油 5L','46.90','images/sn/like/prd_6.jpg',101,101),
(NULL,'【苏宁易购超市】鲁花5S压榨一级花生油5L+900ml花生油','159.90','images/sn/like/prd_7.jpg',101,101),
(NULL,'【苏宁易购超市】百威啤酒500ML*18 黄啤箱装','109.00','images/sn/like/prd_8.jpg',101,101),
(NULL,'【苏宁易购超市】康师傅冰红茶250ml*24（整箱）','23.90','images/sn/like/prd_9.jpg',101,101),
(NULL,'【苏宁易购超市】现代牧业 纯牛奶 常温纯奶 250ml*10盒','29.90','images/sn/like/prd_10.jpg',101,101),
(NULL,'【苏宁易购超市】金龙鱼盘锦大米5kg','29.90','images/sn/like/prd_11.jpg',101,101),
(NULL,'【苏宁易购超市】五丰寒地东北大米5KG','29.90','images/sn/like/prd_12.jpg',101,101),
(NULL,'妖精的口袋 自带柔光 冬装女彩色织带压褶网纱拼接直筒连衣裙短裙 1647158 亮玫红 L','195.30','images/sn/like/prd_13.jpg',101,101),
(NULL,'妖精的口袋 茹阳光Rsunshine 2016秋季新款女装韩版印花修身小清新长袖衬衫连衣裙R6284 灰蓝色 XL','98.00','images/sn/like/prd_14.jpg',101,101),
(NULL,'妖精的口袋Y撒娇异乡人冬装蕾丝牛仔拼接荷叶边绣花A字连衣裙短裙预售1.18发 黄玫瑰 S','239.20','images/sn/like/prd_15.jpg',101,101),
(NULL,'妖精的口袋 格兰特大道 春装2017新款宽松印花网纱拼接A字连衣裙 1717007预2.4发 樱花布丁 L','260.10','images/sn/like/prd_16.jpg',101,101),
(NULL,'妖精的口袋 花俏名字 春装女2017新款宽松蕾丝木耳边A字连衣裙 1717015预1.17发 芒果黄 S','224.10','images/sn/like/prd_17.jpg',101,101),
(NULL,'妖精的口袋 几尺青春 春装2017新款收腰A字可脱卸背带牛仔连衣裙 PO1717004 牛仔','224.10','images/sn/like/prd_18.jpg',101,101),
(NULL,'七匹狼户外运动羽绒服 男士时尚连帽超轻薄中长款羽绒服男外套 175/92A/XL 403(枣红)','459.00','images/sn/Clothing/man_1.jpg',1,1001),
(NULL,'比菲力2016海宁真皮夹克 男士修身绵羊皮真皮皮衣男夹克外套 真皮夹克男','690.00','images/sn/Clothing/man_2.jpg',1,1001),
(NULL,'花花公子贵宾男装 魅力男士休闲时尚商务羽绒服','499.00','images/sn/Clothing/man_3.jpg',1,1001),
(NULL,'红豆男装 2016新款男士时尚休闲多彩羽绒服','399.00','images/sn/Clothing/man_4.jpg',1,1001),
(NULL,'恒源祥男士毛呢大衣 秋冬新款中老年羊毛羊绒中长款商务纯色外套呢子大衣','658.00','images/sn/Clothing/man_5.jpg',1,1001),
(NULL,'才子男装（TRIES）羽绒服 男士2016秋冬新款纯色立领时尚简约百搭羽绒服 两色可选','199.00','images/sn/Clothing/man_6.jpg',1,1001),
(NULL,'HLA海澜之家2016冬季新品男装单排扣毛呢大衣HWDA...','698.00','images/sn/Clothing/man_7.jpg',1,1001),
(NULL,'马尼亚袋鼠 秋冬新款男士加绒加厚保暖牛仔裤男装裤子XH9002
','69.00','images/sn/Clothing/man_8.jpg',1,1001),
(NULL,'杰奥2016秋冬新款时尚修身立领轻薄款女士短款羽绒服SNJA13101
','389.00','images/sn/Clothing/woman_1.jpg',1,1002),
(NULL,'MO&Co.圆肩毛呢大衣外套女茧型一粒扣中长款
','999.00','images/sn/Clothing/woman_2.jpg',1,1002),
(NULL,'鸭鸭 秋冬新款女装连帽加厚加长风衣款韩版羽绒服女长款B-56259
','1298.00','images/sn/Clothing/woman_3.jpg',1,1002),
(NULL,'妖精的口袋 反转结局 冬装贴布绣立体绣花缝珠大衣毛呢外套 1642112
','369.50','images/sn/Clothing/woman_4.jpg',1,1002),
(NULL,'买2付1 北极绒黄金甲保暖内衣加厚加绒情侣款男女士秋衣秋裤保暖套装
','98.00','images/sn/Clothing/woman_5.jpg',1,1002),
(NULL,'买二付一 七匹狼内衣 男士基础保暖内衣男士纯棉透气秋衣秋裤男 男士秋裤棉毛衫薄款套装','128.00','images/sn/Clothing/woman_6.jpg',1,1002),
(NULL,'【买二付一】芬腾千线艺珊瑚绒情侣睡衣','199.90','images/sn/Clothing/woman_7.jpg',1,1002),
(NULL,'顶瓜瓜秋衣秋裤情侣款女棉质大圆领长袖简约保暖内衣男版套装薄款','198.00','images/sn/Clothing/woman_8.jpg',1,1002),
(NULL,'adidas阿迪达斯男子连帽轻质羽绒服AY4117 XL AY4117','769.00','images/sn/Clothing/sport_1.jpg',1,1003),
(NULL,'探路者冲锋衣三合一男女情侣秋冬户外两件套','1199.00','images/sn/Clothing/sport_2.jpg',1,1003),
(NULL,'adidas阿迪达斯ZG Bounce男子跑步鞋AQ6240','379.00','images/sn/Clothing/sport_3.jpg',1,1003),
(NULL,'NIKE耐克 AIR MAX 2016 全掌气垫 飞线时尚休闲运动鞋 跑步鞋 男女鞋806771 墨绿 40.5码','暂无报价','images/sn/Clothing/sport_4.jpg',1,1003),
(NULL,'鸿星尔克 跑步鞋男运动鞋蓄能减震跑鞋511162062','119.00','images/sn/Clothing/sport_5.jpg',1,1003),
(NULL,'亿健8088D豪华版跑步机家用款 静音 跑步机折叠多功能','2999.00','images/sn/Clothing/sport_6.jpg',1,1003),
(NULL,'【买1支送1支】朗宁火焰系列 全碳素一体羽毛球拍双拍 正品家庭男女训练2支装【送大包和6个球】','168.00','images/sn/Clothing/sport_7.jpg',1,1003),
(NULL,'永久27.5寸27速30速自行车山地车YE8.3 可锁死前叉培林花鼓轴承中轴线碟刹油碟刹可选男女学生单车','788.00','images/sn/Clothing/sport_8.jpg',1,1003),
(NULL,'宾格BINGER 男士手表 全自动机械表 合成蓝宝石镜面 防划耐磨 商务双日历 背透镂空防水男表 深海探险家系列','599.00','images/sn/Clothing/accessories_1.jpg',1,1004),
(NULL,'天梭TISSOT俊雅系列石英男表T063.610.36.037.00','1350.00','images/sn/Clothing/accessories_2.jpg',1,1004),
(NULL,'zippo打火机正版煤油防风芝宝正品2017新年快乐236黑裂漆限量 ZP-236MP-2017新年快乐','178.00','images/sn/Clothing/accessories_3.jpg',1,1004),
(NULL,'【好货】 周大福精致星形PT950铂金/白金吊坠 PT148625','986.00','images/sn/Clothing/accessories_4.jpg',1,1004),
(NULL,'OSDY20/24寸登机箱万向轮旅行箱正品拉杆箱行李箱','209.00','images/sn/Clothing/accessories_5.jpg',1,1004),
(NULL,'保暖雪地靴女士真皮学生防水防滑短靴加厚百搭短筒羊皮毛一体大码 栗色 34码','168.00','images/sn/Clothing/accessories_6.jpg',1,1004),
(NULL,'奥康男鞋 夏季男士商务休闲皮鞋男真皮透气软面皮鞋子系带圆头','259.00','images/sn/Clothing/accessories_7.jpg',1,1004),
(NULL,'The ONE智能钢琴 新款智能电钢琴 88键重锤 壹枱数码钢琴电子琴 忠贞纯爱版-白色','4099.00','images/sn/Clothing/accessories_8.jpg',1,1004),
(NULL,'Apple iPhone 7 32GB 黑色 移动联通电信4G手机','5198.00','images/sn/Mobile/cjtj_1.jpg',2,2001),
(NULL,'Apple iPhone 7 128GB 玫瑰金色 移动联通电信4G手机','5898.00','images/sn/Mobile/cjtj_2.jpg',2,2001),
(NULL,'【领券立减190】Apple iPhone 5s 16GB 金色 移动联通4G手机','2188.00','images/sn/Mobile/cjtj_3.jpg',2,2001),
(NULL,'【少量货源】OPPO R9s 红色 全网通4G手机 4GB+64GB内存','2799.00','images/sn/Mobile/cjtj_4.jpg',2,2001),
(NULL,'荣耀畅玩5C（NEM-AL10）（3GB+32GB））全网通版（落日金）','1149.00','images/sn/Mobile/cjtj_5.jpg',2,2001),
(NULL,'荣耀8全网通（FRD-AL00）（4GB+32GB）樱语粉','5198.00','images/sn/Mobile/cjtj_6.jpg',2,2001),
(NULL,'Meizu/魅族 魅蓝note5 全网通版 3+32GB 金色 移动联通电信4G手机 双卡双待','25.00','images/sn/Mobile/cjtj_7.jpg',2,2001),
(NULL,'【限时直降200】华为 P9 (EVA-AL10) 4GB+64GB 琥珀金 全网通','2799.00','images/sn/Mobile/cjtj_8.jpg',2,2001),
(NULL,'优加（uka）iPhone7/7plus苹果7/7plus 高清防爆钢化玻璃膜 手机保护贴膜 0.3mm','19.90','images/sn/Mobile/sjpj_1.jpg',2,2002),
(NULL,'三星(SAMSUNG) MicroSD存储卡 32G(CLASS10 48MB/s) 升级版(EVO)','69.90','images/sn/Mobile/sjpj_2.jpg',2,2002),
(NULL,'品胜移动电源 LCD电库二代20000mAh','119.00','images/sn/Mobile/sjpj_3.jpg',2,2002),
(NULL,'爱国者（aigo）苹果手机U盘 U360 苹果官方MFI认证 ','239.00','images/sn/Mobile/sjpj_4.jpg',2,2002),
(NULL,'品胜苹果数据充电线Apple Lightning(1000mm)，适用于苹果7，苹果6、6s等','19.90','images/sn/Mobile/sjpj_5.jpg',2,2002),
(NULL,'华为原装线控带麦半入耳式耳机AM116','69.00','images/sn/Mobile/sjpj_6.jpg',2,2002),
(NULL,'华为小天鹅蓝牙免提音响AM08白色','98.00','images/sn/Mobile/sjpj_7.jpg',2,2002),
(NULL,'缤特力ML15 商务蓝牙耳机 迷你蓝牙3.0一拖二多点连接挂耳式长待机通用型 黑色','99.00','images/sn/Mobile/sjpj_8.jpg',2,2002),
(NULL,'乐心运动手环 Mambo-1（微信版，黑色）','99.00','images/sn/Mobile/znsh_1.jpg',2,2003),
(NULL,'小米智能手环2 黑色 户外运动手环 心率监测 来电提醒 久坐提醒 LED显示屏 时间显示 防水计步器 无感腕带','149.00','images/sn/Mobile/znsh_2.jpg',2,2003),
(NULL,'bong 3 智能心率手环','169.00','images/sn/Mobile/znsh_3.jpg',2,2003),
(NULL,'华为Talkband B3智能手环 商务版 （摩卡棕)','1199.00','images/sn/Mobile/znsh_4.jpg',2,2003),
(NULL,'乐心智能手环 心率手表 防水蓝牙计步器 游泳运动手环 信息来电显示 触摸OLED屏安卓苹果健跑步运动手环ziva','299.00','images/sn/Mobile/znsh_5.jpg',2,2003),
(NULL,'AMAZFIT 华米运动手表 智能手表 红色硅胶表带 小米手环团队年度重磅产品','799.00','images/sn/Mobile/znsh_6.jpg',2,2003),
(NULL,'HUAWEI智能手表 平尾真皮表带（黑色）','1788.00','images/sn/Mobile/znsh_7.jpg',2,2003),
(NULL,'Apple Watch Sport Series 1 智能手表（42毫米玫瑰金色铝金属表壳搭配午夜蓝色运动型表带）','2488.00','images/sn/Mobile/znsh_8.jpg',2,2003),
(NULL,'聚.VR 一体机 PPTV出品 虚拟现实设备 VR眼镜 智能眼镜 VR影院','799.00','images/sn/Mobile/vryj_1.jpg',2,2004),
(NULL,'暴风魔镜小M 白色 虚拟现实 VR眼镜 智能眼镜 手机影院 安卓/IOS全兼容','29.00','images/sn/Mobile/vryj_2.jpg',2,2004),
(NULL,'小米VR眼镜 PLAY版 虚拟现实VR 智能眼镜','49.00','images/sn/Mobile/vryj_3.jpg',2,2004),
(NULL,'大朋看看 青春版(活力橙) 虚拟现实 VR眼镜 智能眼镜 安卓/IOS全兼容 手机影院','69.00','images/sn/Mobile/vryj_4.jpg',2,2004),
(NULL,'小派VR 4K VR超清虚拟现实头显 3D头盔 VR头显 VR智能眼镜 PC头显','1999.00','images/sn/Mobile/vryj_5.jpg',2,2004),
(NULL,'大朋 Deepoon VR M2 虚拟现实VR 三星8核 3+32G 虚拟现实设备 VR眼镜 VR头显 智能眼镜','2999.00','images/sn/Mobile/vryj_6.jpg',2,2004),
(NULL,'微鲸（WHALEY）X1 智能虚拟现实眼镜VR一体机 头戴式VR显示器 游戏头盔 骁龙820 AMOLED屏','3999.00','images/sn/Mobile/vryj_7.jpg',2,2004),
(NULL,'HTC Vive VR 虚拟现实设备 VR眼镜 VR头显 智能眼镜','6888.00','images/sn/Mobile/vryj_8.jpg',2,2004),
(NULL,'【苏宁易购超市】鲜语牧场 全脂纯牛奶 常温纯奶 澳洲原装进口牛奶 1L * 12盒  澳洲原装进口','99.00','images/sn/Foods/nnyl_1.jpg',3,3001),
(NULL,'【苏宁易购超市】Arla爱氏晨曦 全脂纯牛奶 常温纯奶 德国进口牛奶 200ml×24盒','49.90','images/sn/Foods/nnyl_2.jpg',3,3001),
(NULL,'【苏宁易购超市】蒙牛精选牧场纯牛奶250ml×12盒','暂无报价','images/sn/Foods/nnyl_3.jpg',3,3001),
(NULL,'【苏宁易购超市】欧德堡 超高温灭菌全脂纯牛奶200ml*24盒 德国进口','58.00','images/sn/Foods/nnyl_4.jpg',3,3001),
(NULL,'【苏宁易购超市】怡宝 纯净水555ml*12 饮用水 量贩装 箱装','14.90','images/sn/Foods/nnyl_5.jpg',3,3001),
(NULL,'和其正凉茶480ml*4+赠2罐 喝凉茶，防上火。','16.90','images/sn/Foods/nnyl_6.jpg',3,3001),
(NULL,'达利园 花生牛奶复合蛋白饮料 乳饮料(原味)250ml*24 礼盒装','27.90','images/sn/Foods/nnyl_7.jpg',3,3001),
(NULL,'谷粒谷力红豆浓浆 250ml*18/箱 苏宁自营，正品保障','29.90','images/sn/Foods/nnyl_8.jpg',3,3001),
(NULL,'达利园 蛋糕蛋香味 600g 饼干糕点 零食 下午茶搭档 早餐充饥佳品','11.90','images/sn/Foods/xxsp_1.jpg',3,3002),
(NULL,'旺旺吸吸冰综合包香草+桃子80ml*4冷冻后似冰淇淋、冷藏后似浓奶昔、加可乐似“魔鬼天使”。','10.80','images/sn/Foods/xxsp_2.jpg',3,3002),
(NULL,'皇冠 Danisa 曲奇 681g/盒印度尼西亚进口 精美铁罐 美味香浓 自营进口饼干糕点 零食（新老包装随机发货）','59.90','images/sn/Foods/xxsp_3.jpg',3,3002),
(NULL,'雀巢脆脆鲨巧克力味威化24+8条促销装(24+8)x20g香浓酥脆好搭配，独立包装，零反式脂肪酸，饼干糕点零食','23.90','images/sn/Foods/xxsp_4.jpg',3,3002),
(NULL,'【苏宁易购超市】爱乡亲手撕面包奶香味998g口袋小面包食品蛋糕点心','33.90','images/sn/Foods/xxsp_5.jpg',3,3002),
(NULL,'【苏宁易购超市】百草味夏威夷果（奶油味）200g零食干果特产奶油味零食坚果送开果器奶香浓郁，简直不能再好吃！','16.90','images/sn/Foods/xxsp_6.jpg',3,3002),
(NULL,'德芙 什锦装牛奶、榛仁葡萄干及黑巧克力碗装 249G/个','29.50','images/sn/Foods/xxsp_7.jpg',3,3002),
(NULL,'【三只松鼠_坚果组合1303g】碧根果夏威夷果松子花生兰花豆葡萄干共6袋','85.90','images/sn/Foods/xxsp_8.jpg',3,3002),
(NULL,'金龙鱼葵花籽食用调和油5L营养健康-品质保障','45.90','images/sn/Foods/nyjs_1.jpg',3,3003),
(NULL,'【苏宁易购超市】福临门水晶米5kg/袋东北大米-营养健康-口感绵甜','31.90','images/sn/Foods/nyjs_2.jpg',3,3003),
(NULL,'【苏宁易购超市】金麦厨面粉 原味小麦粉 5kg 通用粉克明面业出品 0添加 细腻柔顺 粗制研磨 麦香醇厚','19.90','images/sn/Foods/nyjs_3.jpg',3,3003),
(NULL,'五粮液52度500ML【苏宁超市自营 真正好酒】','815.00','images/sn/Foods/nyjs_4.jpg',3,3003),
(NULL,'【苏宁易购超市】剑南春 52度 浓香型白酒500ml 单瓶装','339.00','images/sn/Foods/nyjs_5.jpg',3,3003),
(NULL,'洋河 海之蓝 42度 375ML 浓香型白酒【苏宁超市自营 真正好酒】浓香型绵柔口感白酒','88.00','images/sn/Foods/nyjs_6.jpg',3,3003),
(NULL,'【苏宁易购超市】白象 招牌剁椒鱼头面 121克*5包','12.90','images/sn/Foods/nyjs_7.jpg',3,3003),
(NULL,'【苏宁易购超市】茅台汉酱酒51度 500ml','309.00','images/sn/Foods/nyjs_8.jpg',3,3003),
(NULL,'【2份减5元】山东特产烟台栖霞红富士苹果5斤装 新鲜时令水果 脆甜爽口','暂无报价','images/sn/Foods/bjsx_1.jpg',3,3004),
(NULL,'谷源道 海鲜礼盒大礼包 年货海鲜水产礼券礼品卡898型','198.00','images/sn/Foods/bjsx_2.jpg',3,3004),
(NULL,'星农联合阳澄湖大闸蟹598型礼券 公蟹3.6-3.2两/只 母蟹2.6-2.2两/只 5对','268.00','images/sn/Foods/bjsx_3.jpg',3,3004),
(NULL,'很豪澳洲牛排套餐10份装1500g 菲力*4 沙朗*3 黑胡椒*3家庭牛排套餐','129.00','images/sn/Foods/bjsx_4.jpg',3,3004),
(NULL,'【买3送1】亨博士 海狗人参丸 100粒/瓶 温补 缓解体力疲劳 补充体力','69.00','images/sn/Foods/bjsx_5.jpg',3,3004),
(NULL,'【满99减30】碧生源减肥茶60袋特惠装150g(2.5g/袋*15袋/盒*4盒)','138.00','images/sn/Foods/bjsx_6.jpg',3,3004),
(NULL,'【苏宁易购超市】汤臣倍健 液体钙 成人钙中老年钙片补钙 软胶囊1000mg/粒*100粒*3瓶','89.90','images/sn/Foods/bjsx_7.jpg',3,3004),
(NULL,'【下单立减100元】汤臣倍健蛋白粉450g+蛋白质粉150g*3罐+液体钙...','257.00','images/sn/Foods/bjsx_8.jpg',3,3004),
(NULL,'奥克斯1.5匹冷暖快速制冷热空调','1899.00','images/sn/Appliance/jykt_1.jpg',4,4001),
(NULL,'志高 1匹 冷暖 智能水洗空调','1699.00','images/sn/Appliance/jykt_2.jpg',4,4001),
(NULL,'奥克斯 大1匹 冷暖变频空调','1949.00','images/sn/Appliance/jykt_3.jpg',4,4001),
(NULL,'长虹1.5匹二级变频智能静音空调','2399.00','images/sn/Appliance/jykt_4.jpg',4,4001),
(NULL,'志高 1.5匹 变频智能云空调','2549.00','images/sn/Appliance/jykt_5.jpg',4,4001),
(NULL,'海尔 1.5匹 智能除甲醛变频空调','3199.00','images/sn/Appliance/jykt_6.jpg',4,4001),
(NULL,'TCL 1.5匹变频冷暖除甲醛静音空调','2349.00','images/sn/Appliance/jykt_7.jpg',4,4001),
(NULL,'海尔 2匹 智能除甲醛空调柜机','5199.00','images/sn/Appliance/jykt_8.jpg',4,4001),
(NULL,'惠而浦7公斤 全自动波轮洗衣机（极地灰）','1299.00','images/sn/Appliance/bxxyj_1.jpg',4,4002),
(NULL,'西门子8公斤 滚筒洗衣机 iSensoric智感系统！BLDC无刷电机，加速、节能自由选','3299.00','images/sn/Appliance/bxxyj_2.jpg',4,4002),
(NULL,'三洋8公斤 全自动 变频滚筒洗衣机 （亚光银）','1898.00','images/sn/Appliance/bxxyj_3.jpg',4,4002),
(NULL,'美的8公斤滚筒洗衣机 变频节能 可中途添衣 家用','1998.00','images/sn/Appliance/bxxyj_4.jpg',4,4002),
(NULL,'西门子610升 对开门冰箱 变频压缩机 双独立循环','6498.00','images/sn/Appliance/bxxyj_5.jpg',4,4002),
(NULL,'海尔452升对开门冰箱 触屏智控无霜 家用','3099.00','images/sn/Appliance/bxxyj_6.jpg',4,4002),
(NULL,'创维261升法式多门冰箱 三温分类存储 多门对开门小四门电冰箱','1598.00','images/sn/Appliance/bxxyj_7.jpg',4,4002),
(NULL,'容声228升三门冰箱宽幅变温室 15kg大冷冻能力 电脑控温','1599.00','images/sn/Appliance/bxxyj_8.jpg',4,4002),
(NULL,'夏普50英寸 4K超高清 智能 LED液晶电视','3799.00','images/sn/Appliance/pbds_1.jpg',4,4003),
(NULL,'索尼彩电 55英寸 安卓 4K超高清LED液晶电视','6699.00','images/sn/Appliance/pbds_2.jpg',4,4003),
(NULL,'乐视超级电视43英寸 全高清智能平板液晶电视','2089.00','images/sn/Appliance/pbds_3.jpg',4,4003),
(NULL,'TCL 55英寸 观影曲面真4K 全生态HDR 64位30核安卓智能LED','3998.00','images/sn/Appliance/pbds_4.jpg',4,4003),
(NULL,'海信 58英寸 炫彩4K 14核处理配置 VIDAA3智能液晶电视(黑色)','3899.00','images/sn/Appliance/pbds_5.jpg',4,4003),
(NULL,'三星电视 50英寸 4K超高清 HDR功能 智能电视','4299.00','images/sn/Appliance/pbds_6.jpg',4,4003),
(NULL,'创维 50英寸 全高清智能网络LED液晶平板电视','2599.00','images/sn/Appliance/pbds_7.jpg',4,4003),
(NULL,'夏普45英寸LED液晶网络智能平板电视机','2699.00','images/sn/Appliance/pbds_8.jpg',4,4003),
(NULL,'A.O.史密斯燃气热水器JSQ26-N1 宽频恒温 13升 （天然气）','3058.00','images/sn/Appliance/cwdq_1.jpg',4,4004),
(NULL,'方太风魔方JQ25TS+FD21BE抽吸油烟机灶具烟灶套装（不带罩）','4590.00','images/sn/Appliance/cwdq_2.jpg',4,4004),
(NULL,'能率13升家用舒适型智能恒温燃气热水器GQ-1350FE(JSQ26-E)【经典畅销，推荐使用】','暂无报价','images/sn/Appliance/cwdq_3.jpg',4,4004),
(NULL,'西门子(SIEMENS) 61L 原装进口 嵌入式烤箱 HB23AB522W','4999.00','images/sn/Appliance/cwdq_4.jpg',4,4004),
(NULL,'华帝烟灶套餐i11049抽油烟机+i10007B燃气灶(天然气)','1999.00','images/sn/Appliance/cwdq_5.jpg',4,4004),
(NULL,'林内13升智能精控恒温 CO安防 燃气热水器 RUS-13E22CWNAF（天然气)','2699.00','images/sn/Appliance/cwdq_6.jpg',4,4004),
(NULL,'老板厨电套装CXW-200-8307+33B7（天然气)','3880.00','images/sn/Appliance/cwdq_7.jpg',4,4004),
(NULL,'海尔电热水器EC6002-QC(KT) HelloKity定制版','999.00','images/sn/Appliance/cwdq_8.jpg',4,4004),
(NULL,'A.O.史密斯反渗透净水器400C5 即滤1升大流量净水机 1:1废水','4648.00','images/sn/Appliance/jsq_1.jpg',4,4005),
(NULL,'【17年新品，苏宁定制】美的（Midea）超薄双膜六级反渗透过滤厨下式净水器N2','1598.00','images/sn/Appliance/jsq_2.jpg',4,4005),
(NULL,'沁园(QinYuan) RO-185(DT) 升级版 厨下式 净水机 直饮','998.00','images/sn/Appliance/jsq_3.jpg',4,4005),
(NULL,'安吉尔（Angel）J1100-ROB8A反渗透双出水净水器家用直饮净水机纯水机','1398.00','images/sn/Appliance/jsq_4.jpg',4,4005),
(NULL,'3M AP EASY Complete型家用净水器 无废水直饮净水器','1099.00','images/sn/Appliance/jsq_5.jpg',4,4005),
(NULL,'小米净水器（400G）厨下式 MR424-A 反渗透家用直饮净水机','1999.00','images/sn/Appliance/jsq_6.jpg',4,4005),
(NULL,'飞利浦 Philips 净水器 净水壶 净水杯WP3813/01 4升','159.00','images/sn/Appliance/jsq_7.jpg',4,4005),
(NULL,'美国惠而浦反渗透纯水机R50C63升级版净水器1:1废水比达0.1纳米RO反渗透膜片净水机双水机直饮机自清洗','988.00','images/sn/Appliance/jsq_8.jpg',4,4005)
;
